,0
0,tt0499549
1,tt4154796
2,tt0120338
3,tt2488496
4,tt4154756
5,tt10872600
6,tt0369610
7,tt6105098
8,tt0848228
9,tt2820852
10,tt1745960
11,tt4520988
12,tt2395427
13,tt1825683
14,tt1201607
15,tt2527336
16,tt4881806
17,tt2771200
18,tt2294629
19,tt3606756
20,tt4630562
21,tt1300854
22,tt2293640
23,tt3498820
24,tt1477834
25,tt0167260
26,tt6320628
27,tt4154664
28,tt1399103
29,tt0107290
30,tt1074638
31,tt2109248
32,tt1345836
33,tt7286456
34,tt2527338
35,tt1979376
36,tt0435761
37,tt0383574
38,tt0110357
39,tt3748528
40,tt6139732
41,tt1298650
42,tt2948356
43,tt3469046
44,tt2277860
45,tt0120915
46,tt1014759
47,tt0241527
48,tt0903624
49,tt0468569
50,tt8041270
51,tt2283362
52,tt0926084
53,tt1690953
54,tt3040964
55,tt2310332
56,tt0449088
57,tt1170358
58,tt9419884
59,tt0167261
60,tt0373889
61,tt0266543
62,tt5113044
63,tt0417741
64,tt0298148
65,tt0295297
66,tt1727824
67,tt13462900
68,tt0120737
69,tt0330373
70,tt0413300
71,tt2709768
72,tt1080016
73,tt2379713
74,tt2250912
75,tt1667889
76,tt2975590
77,tt7131870
78,tt0121766
79,tt1951264
80,tt3896198
81,tt2096673
82,tt1270797
83,tt3501632
84,tt1673434
85,tt1375666
86,tt1055369
87,tt0145487
88,tt0451279
89,tt13364790
90,tt0116629
91,tt3183660
92,tt0413267
93,tt2380307
94,tt7975244
95,tt0304141
96,tt1790809
97,tt0083866
98,tt4912910
99,tt1190080
100,tt0367882
101,tt0316654
102,tt1905041
103,tt5463162
104,tt1431045
105,tt0076759
106,tt2382320
107,tt0816692
108,tt2015381
109,tt9114286
110,tt1877830
111,tt10648342
112,tt6806448
113,tt0382625
114,tt1587310
115,tt0948470
116,tt1951265
117,tt0892791
118,tt1277953
119,tt1386697
120,tt1877832
121,tt0363771
122,tt1453405
123,tt0234215
124,tt1049413
125,tt10627720
126,tt5433138
127,tt1454468
128,tt1843866
129,tt1324999
130,tt1259571
131,tt2103281
132,tt0418279
133,tt1872181
134,tt1396484
135,tt7605074
136,tt1325004
137,tt1229238
138,tt0795421
139,tt1392170
140,tt10370822
141,tt2381249
142,tt0109830
143,tt1211837
144,tt0167404
145,tt0770828
146,tt0438097
147,tt1302011
148,tt3521164
149,tt0974015
150,tt2245084
151,tt4123430
152,tt0325980
153,tt1409024
154,tt0121765
155,tt1951266
156,tt1981115
157,tt3470600
158,tt0441773
159,tt0317705
160,tt3659388
161,tt0448157
162,tt16194408
163,tt1596343
164,tt1228705
165,tt0382932
166,tt5095030
167,tt1646971
168,tt3315342
169,tt0119567
170,tt0381061
171,tt0335345
172,tt0454876
173,tt3371366
174,tt0479952
175,tt0407304
176,tt0398286
177,tt0830515
178,tt0119654
179,tt0481499
180,tt1411697
181,tt0371746
182,tt0480249
183,tt1677720
184,tt0198781
185,tt6878882
186,tt0477347
187,tt2322441
188,tt3731562
189,tt0472181
190,tt1216475
191,tt0360717
192,tt0448694
193,tt4701660
194,tt0120591
195,tt0319262
196,tt1637725
197,tt2179136
198,tt0120755
199,tt7752454
200,tt3385516
201,tt1515091
202,tt1323594
203,tt1661199
204,tt0351283
205,tt0816711
206,tt1217209
207,tt0080684
208,tt0462538
209,tt1663202
210,tt4779682
211,tt5848272
212,tt5220122
213,tt3874544
214,tt5013056
215,tt0831387
216,tt2386490
217,tt0988045
218,tt0290002
219,tt0910970
220,tt2267968
221,tt0103064
222,tt0478970
223,tt2709692
224,tt7097896
225,tt0099653
226,tt0103639
227,tt2357291
228,tt0332452
229,tt0120363
230,tt0892769
231,tt0117998
232,tt1623205
233,tt0800320
234,tt4777008
235,tt3450958
236,tt0126029
237,tt0356910
238,tt0808151
239,tt1291150
240,tt0315327
241,tt1436562
242,tt0120815
243,tt1318514
244,tt0099785
245,tt0073195
246,tt2510894
247,tt0086190
248,tt0367594
249,tt0097576
250,tt2126355
251,tt7349950
252,tt3783958
253,tt1772341
254,tt5034838
255,tt1119646
256,tt2872732
257,tt1490017
258,tt4701182
259,tt1408101
260,tt0133093
261,tt0172495
262,tt0100405
263,tt0317219
264,tt7294150
265,tt0376994
266,tt14557302
267,tt0465234
268,tt0117060
269,tt0416449
270,tt0325710
271,tt11032374
272,tt7362036
273,tt0240772
274,tt10147382
275,tt0800369
276,tt0213149
277,tt0120855
278,tt0120912
279,tt0440963
280,tt0209163
281,tt1231580
282,tt1707386
283,tt0070047
284,tt0107614
285,tt1340138
286,tt0803096
287,tt1517451
288,tt1485796
289,tt0181852
290,tt5884052
291,tt9376612
292,tt0246460
293,tt5113040
294,tt0162222
295,tt2231461
296,tt1504320
297,tt0242653
298,tt1675434
299,tt1502397
300,tt1853728
301,tt0101414
302,tt0099348
303,tt12363162
304,tt0499448
305,tt1000774
306,tt10218664
307,tt0120616
308,tt0980970
309,tt4196776
310,tt1430132
311,tt2802144
312,tt1078912
313,tt0096895
314,tt0103855
315,tt1663662
316,tt4649466
317,tt2345759
318,tt3416828
319,tt1099212
320,tt0286106
321,tt0290334
322,tt6467266
323,tt0993846
324,tt4123432
325,tt0437086
326,tt0859163
327,tt1446714
328,tt12412888
329,tt0031381
330,tt6911608
331,tt9032400
332,tt1160419
333,tt1464335
334,tt1104001
335,tt0317919
336,tt1735898
337,tt0077631
338,tt0114709
339,tt3778644
340,tt0348150
341,tt0102798
342,tt0082971
343,tt1628841
344,tt1392190
345,tt6443346
346,tt0337978
347,tt3781476
348,tt3741700
349,tt2224026
350,tt0796366
351,tt8579674
352,tt0366548
353,tt4633694
354,tt3606752
355,tt0088763
356,tt0268380
357,tt4465564
358,tt0892782
359,tt3480822
360,tt0120685
361,tt0111503
362,tt1010048
363,tt7131622
364,tt1397280
365,tt1583421
366,tt0307453
367,tt0207201
368,tt0983193
369,tt0372784
370,tt1911658
371,tt0458525
372,tt0385752
373,tt4477536
374,tt0386588
375,tt0438488
376,tt0458339
377,tt1631867
378,tt0129387
379,tt2267998
380,tt0106977
381,tt0163025
382,tt0259446
383,tt8529186
384,tt0112864
385,tt0448115
386,tt5814060
387,tt0952640
388,tt6723592
389,tt0125439
390,tt0120623
391,tt2692250
392,tt0349903
393,tt0133152
394,tt1951261
395,tt0143145
396,tt6170484
397,tt1013752
398,tt1959490
399,tt1155076
400,tt0104431
401,tt0837562
402,tt0181689
403,tt5311514
404,tt0092099
405,tt0918940
406,tt0169547
407,tt0245429
408,tt0112384
409,tt0095953
410,tt1343092
411,tt3861390
412,tt0343818
413,tt0103772
414,tt3402236
415,tt1270798
416,tt1985949
417,tt0113189
418,tt0264464
419,tt1670345
420,tt0212985
421,tt0110475
422,tt5117670
423,tt0111257
424,tt0130623
425,tt5028340
426,tt0120647
427,tt1482459
428,tt1790864
429,tt2017020
430,tt0368891
431,tt0266915
432,tt1679335
433,tt1293847
434,tt0114148
435,tt0170016
436,tt2660888
437,tt1615918
438,tt0493464
439,tt0109813
440,tt6644200
441,tt0461770
442,tt0327084
443,tt1253863
444,tt0112462
445,tt0473075
446,tt0421715
447,tt1397514
448,tt0117500
449,tt2034800
450,tt3110958
451,tt7431894
452,tt0120667
453,tt0087469
454,tt0120347
455,tt0096874
456,tt1979388
457,tt6264654
458,tt2294449
459,tt0212338
460,tt0096438
461,tt0947798
462,tt0177971
463,tt6146586
464,tt0090555
465,tt6660238
466,tt0114369
467,tt0458352
468,tt2446042
469,tt0116583
470,tt1067106
471,tt2279373
472,tt0108052
473,tt1001526
474,tt3065204
475,tt6966692
476,tt0104714
477,tt0955308
478,tt0361748
479,tt0115433
480,tt1457767
481,tt0093010
482,tt3794354
483,tt0938283
484,tt1041829
485,tt0268978
486,tt0086960
487,tt0338348
488,tt0118571
489,tt2543472
490,tt1764651
491,tt0371606
492,tt0119822
493,tt8946378
494,tt4046784
495,tt2592614
496,tt4116284
497,tt0145660
498,tt0496806
499,tt0970866
500,tt0397892
501,tt0117438
502,tt0163187
503,tt0878804
504,tt7830888
505,tt2582846
506,tt0454921
507,tt1446192
508,tt0075860
509,tt0299658
510,tt5140878
511,tt1478338
512,tt5758778
513,tt1606378
514,tt0120762
515,tt5074352
516,tt1355644
517,tt1440129
518,tt0119528
519,tt1046173
520,tt1646987
521,tt0486576
522,tt0102057
523,tt0078346
524,tt0089927
525,tt0089880
526,tt1220634
527,tt0338526
528,tt0164912
529,tt0092644
530,tt2567026
531,tt0119738
532,tt0433035
533,tt0451079
534,tt5164214
535,tt8332922
536,tt2908446
537,tt0097778
538,tt0295178
539,tt0087332
540,tt1935859
541,tt0120903
542,tt3411444
543,tt1130884
544,tt0118998
545,tt0389790
546,tt0944835
547,tt0436339
548,tt0407887
549,tt0161081
550,tt2557478
551,tt0372183
552,tt1261945
553,tt0138097
554,tt1840309
555,tt0094898
556,tt0396269
557,tt4500922
558,tt0112642
559,tt0252866
560,tt2848292
561,tt0120689
562,tt1483013
563,tt1535108
564,tt3704428
565,tt0122151
566,tt0401729
567,tt1860353
568,tt1109624
569,tt0243155
570,tt1243957
571,tt4972582
572,tt0175142
573,tt0295701
574,tt1194173
575,tt0864835
576,tt0267913
577,tt0443272
578,tt0146316
579,tt1365519
580,tt1320253
581,tt1985966
582,tt0117218
583,tt0116695
584,tt0172156
585,tt0275847
586,tt0102926
587,tt1375670
588,tt2004420
589,tt0106918
590,tt1723121
591,tt1205489
592,tt0443649
593,tt0765429
594,tt0848537
595,tt1528100
596,tt1856101
597,tt0034492
598,tt0780521
599,tt0103776
600,tt0107211
601,tt0337741
602,tt0317198
603,tt0800080
604,tt0114898
605,tt0120382
606,tt0160127
607,tt0119116
608,tt0113497
609,tt6751668
610,tt0443453
611,tt0358082
612,tt1013743
613,tt0100802
614,tt1477715
615,tt6450804
616,tt1210819
617,tt1650062
618,tt1502407
619,tt4276752
620,tt0305357
621,tt0293564
622,tt0119164
623,tt4217392
624,tt3322940
625,tt2953050
626,tt0368447
627,tt4242158
628,tt0195685
629,tt6857112
630,tt9597190
631,tt5052448
632,tt0822832
633,tt0106582
634,tt4849438
635,tt0112431
636,tt2283336
637,tt0486946
638,tt0962726
639,tt0119282
640,tt6565702
641,tt1403865
642,tt6673612
643,tt0118689
644,tt1800241
645,tt0120660
646,tt0128853
647,tt0449010
648,tt0328880
649,tt0068646
650,tt0120746
651,tt8115900
652,tt0298130
653,tt0185937
654,tt0217869
655,tt5273624
656,tt0109686
657,tt0314331
658,tt6823368
659,tt2191701
660,tt2452042
661,tt1192628
662,tt0109831
663,tt0119094
664,tt3949660
665,tt1077368
666,tt0286716
667,tt10218674
668,tt1064932
669,tt0099088
670,tt2120120
671,tt1267297
672,tt0120812
673,tt0373051
674,tt1815862
675,tt0104257
676,tt0844471
677,tt0298203
678,tt1528854
679,tt1234721
680,tt0116213
681,tt2316204
682,tt3263904
683,tt2094766
684,tt0389860
685,tt11177804
686,tt1855325
687,tt0099423
688,tt0092493
689,tt12593682
690,tt1691917
691,tt3104988
692,tt0118688
693,tt0347149
694,tt1320261
695,tt0187078
696,tt0076666
697,tt1045658
698,tt0322259
699,tt4846340
700,tt0212720
701,tt0097165
702,tt3079380
703,tt0163651
704,tt1605630
705,tt0142342
706,tt2974918
707,tt2084970
708,tt3228774
709,tt0970416
710,tt0328828
711,tt1568346
712,tt0467406
713,tt1024648
714,tt0453451
715,tt0116209
716,tt0105417
717,tt8350360
718,tt0360486
719,tt0425061
720,tt0117705
721,tt0118799
722,tt2404463
723,tt1289401
724,tt0259324
725,tt5061814
726,tt4468740
727,tt0108160
728,tt0097733
729,tt0990407
730,tt0089755
731,tt6654316
732,tt3890160
733,tt1253864
734,tt0936501
735,tt0814255
736,tt10298810
737,tt1428538
738,tt0319343
739,tt2239822
740,tt0119217
741,tt9586294
742,tt1950186
743,tt0489099
744,tt1285016
745,tt0120630
746,tt0118880
747,tt0110148
748,tt0408790
749,tt1068680
750,tt2024469
751,tt0097523
752,tt0361596
753,tt0120891
754,tt15465312
755,tt1981128
756,tt0100404
757,tt0870154
758,tt0306047
759,tt0369339
760,tt3062096
761,tt0478311
762,tt1133985
763,tt1033643
764,tt1230414
765,tt0362227
766,tt3281548
767,tt1535109
768,tt0120794
769,tt0790724
770,tt0320661
771,tt4877122
772,tt16254308
773,tt0829150
774,tt1489889
775,tt0405159
776,tt1454029
777,tt0096320
778,tt0817230
779,tt1284575
780,tt15474916
781,tt12497408
782,tt2850386
783,tt0109444
784,tt0055254
785,tt2637276
786,tt0103874
787,tt0190865
788,tt0097428
789,tt0187393
790,tt0963966
791,tt1564367
792,tt2333784
793,tt0092890
794,tt6343314
795,tt6182908
796,tt1152836
797,tt0258463
798,tt0109635
799,tt0110912
800,tt0338751
801,tt0190332
802,tt0112573
803,tt2180411
804,tt0960731
805,tt0212346
806,tt0137494
807,tt0112281
808,tt0146675
809,tt1473832
810,tt2713180
811,tt1217613
812,tt0455824
813,tt1231583
814,tt0311113
815,tt0339291
816,tt0097757
817,tt15783462
818,tt1136608
819,tt0079574
820,tt0230600
821,tt1499658
822,tt8033592
823,tt0289765
824,tt1964418
825,tt2674426
826,tt1599348
827,tt0257076
828,tt0232500
829,tt0181865
830,tt1778304
831,tt0107818
832,tt7069210
833,tt0162661
834,tt0457939
835,tt0061852
836,tt8165192
837,tt3300542
838,tt0452594
839,tt2017561
840,tt1142988
841,tt0102138
842,tt2334879
843,tt7713068
844,tt1753383
845,tt0876563
846,tt0369441
847,tt0879870
848,tt1620981
849,tt4513678
850,tt0960144
851,tt8912936
852,tt0427327
853,tt0349683
854,tt1302067
855,tt2719848
856,tt0259711
857,tt2543164
858,tt2369135
859,tt0356634
860,tt0129290
861,tt0100758
862,tt0099938
863,tt1398426
864,tt1232829
865,tt0985699
866,tt0400717
867,tt0239395
868,tt0099810
869,tt1854564
870,tt0313737
871,tt1245526
872,tt9597838
873,tt0120632
874,tt0395699
875,tt0343660
876,tt1386703
877,tt8755316
878,tt1649419
879,tt2459022
880,tt4575576
881,tt1351685
882,tt2398241
883,tt13696296
884,tt0338459
885,tt0258000
886,tt2203939
887,tt0111282
888,tt0442933
889,tt1606389
890,tt0305224
891,tt0942385
892,tt5580390
893,tt2066051
894,tt0107798
895,tt3691740
896,tt6398184
897,tt2361509
898,tt0312004
899,tt0377981
900,tt0164184
901,tt0217505
902,tt4591310
903,tt1179904
904,tt9426210
905,tt3513498
906,tt0455944
907,tt11210032
908,tt0101272
909,tt0398165
910,tt13320622
911,tt0111070
912,tt0349205
913,tt6324278
914,tt3766354
915,tt0164052
916,tt0114069
917,tt8239806
918,tt0120902
919,tt3890264
920,tt0095956
921,tt0359950
922,tt7183578
923,tt0077766
924,tt2024544
925,tt0113277
926,tt1396218
927,tt0391198
928,tt0762107
929,tt0119314
930,tt0358273
931,tt4818250
932,tt0283426
933,tt1144884
934,tt0230011
935,tt0454848
936,tt0120484
937,tt0970179
938,tt4765284
939,tt0409459
940,tt0115685
941,tt0203009
942,tt0029583
943,tt1411704
944,tt4651520
945,tt1617661
946,tt0448011
947,tt0211181
948,tt4624424
949,tt3331846
950,tt1959563
951,tt1114740
952,tt0105793
953,tt0110478
954,tt1667353
955,tt0120744
956,tt0101540
957,tt0338094
958,tt1717715
959,tt0114924
960,tt0112579
961,tt5237980
962,tt0409182
963,tt0116313
964,tt11448076
965,tt0331632
966,tt0102059
967,tt0257044
968,tt0266697
969,tt0277296
970,tt0256415
971,tt5657846
972,tt2119532
973,tt0453467
974,tt6294822
975,tt0112792
976,tt1645170
977,tt0311429
978,tt3410834
979,tt0287978
980,tt0101587
981,tt1001508
982,tt1059786
983,tt0343135
984,tt0424095
985,tt0362120
986,tt0118928
987,tt0388795
988,tt0105112
989,tt0119137
990,tt1469304
991,tt0150377
992,tt1568911
993,tt1536044
994,tt0251127
995,tt0370263
996,tt0299977
997,tt0405422
998,tt1327773
999,tt0171363
